atohe,,Sat Dec 13 09:51:14 2025,ANT,shiftkeys,INITIATED
hdh,,Sat Dec 13 11:31:40 2025,ANT,shiftkeys,INITIATED
aeuae,,Sat Dec 13 15:52:44 2025,ANT,shiftkeys,INITIATED
aeuae,,Sat Dec 13 15:52:59 2025,ANT,shiftkeys,PRACTICE BEGIN
thth,,Sat Dec 13 15:58:17 2025,ANT,shiftkeys,INITIATED
mbmb,,Sat Dec 13 15:59:48 2025,ANT,shiftkeys,INITIATED
hdh,,Sat Dec 13 16:02:20 2025,ANT,shiftkeys,INITIATED
thth,,Sat Dec 13 16:03:51 2025,ANT,shiftkeys,INITIATED
hd,,Sat Dec 13 16:06:59 2025,ANT,shiftkeys,INITIATED
theoau,,Sat Dec 13 17:31:06 2025,ANT,shiftkeys,INITIATED
theoau,,Sat Dec 13 17:31:14 2025,ANT,shiftkeys,PRACTICE BEGIN
theoau,,Sat Dec 13 17:32:49 2025,ANT,shiftkeys,INITIATED
theoau,,Sat Dec 13 17:33:03 2025,ANT,shiftkeys,PRACTICE BEGIN
