thoaueo,,Sun Dec  7 00:57:22 2025,GONOGO,INITIATED
mhd,,Sun Dec  7 01:05:13 2025,GONOGO,INITIATED
mhd,,Sun Dec  7 01:05:17 2025,GONOGO,ROUND1 Start
mhd,,Sun Dec  7 01:05:39 2025,GONOGO,ROUND2 Start
hdh,,Sun Dec  7 01:09:00 2025,GONOGO,INITIATED
hdh,,Sun Dec  7 01:09:03 2025,GONOGO,ROUND1 Start
hdh,,Sun Dec  7 01:09:22 2025,GONOGO,ROUND2 Start
teohuaoe,,Thu Dec 11 03:36:49 2025,GONOGO,INITIATED
teohuaoe,,Thu Dec 11 03:37:11 2025,GONOGO,ROUND1 Start
ntn,,Thu Dec 11 04:06:33 2025,GONOGO,INITIATED
ntn,,Thu Dec 11 04:06:57 2025,GONOGO,ROUND1 Start
ntn,,Thu Dec 11 04:07:17 2025,GONOGO,ROUND2 Start
taeouheoa,,Thu Dec 11 12:22:15 2025,GONOGO,INITIATED
tuhaoeu,,Thu Dec 11 12:41:10 2025,GONOGO,INITIATED
tuhaoeu,,Thu Dec 11 12:41:16 2025,GONOGO,ROUND1 Start
tuhaoeu,,Thu Dec 11 12:41:34 2025,GONOGO,ROUND2 Start
tuhaoeu,,Thu Dec 11 12:45:50 2025,GONOGO,ROUND3 Start
tuhaoeu,,Thu Dec 11 12:46:10 2025,GONOGO,ROUND4 Start
oeauaeo,,Thu Dec 11 12:47:18 2025,GONOGO,INITIATED
euthoatu,,Thu Dec 11 12:52:18 2025,GONOGO,INITIATED
htaeoueoa,,Thu Dec 11 12:53:22 2025,GONOGO,INITIATED
thteau,,Thu Dec 11 12:54:29 2025,GONOGO,INITIATED
eonuoa,,Thu Dec 11 13:06:35 2025,GONOGO,INITIATED
aeoueoau,,Thu Dec 11 13:06:45 2025,GONOGO,INITIATED
thuaou,,Thu Dec 11 13:08:51 2025,GONOGO,INITIATED
thuaou,,Thu Dec 11 13:08:55 2025,GONOGO,ROUND1 Start
uaeou,,Thu Dec 11 13:13:22 2025,GONOGO,INITIATED
uaeou,,Thu Dec 11 13:13:26 2025,GONOGO,ROUND1 Start
aaaa,,Thu Dec 11 13:14:07 2025,GONOGO,INITIATED
aaaa,,Thu Dec 11 13:14:16 2025,GONOGO,ROUND1 Start
toahue,,Thu Dec 11 13:15:49 2025,GONOGO,INITIATED
toahue,,Thu Dec 11 13:15:51 2025,GONOGO,ROUND1 Start
thuaoe,,Thu Dec 11 13:16:04 2025,GONOGO,INITIATED
thuaoe,,Thu Dec 11 13:16:07 2025,GONOGO,ROUND1 Start
ththth,,Thu Dec 11 13:16:28 2025,GONOGO,INITIATED
ththth,,Thu Dec 11 13:16:31 2025,GONOGO,ROUND1 Start
oaeuae,,Sun Dec 14 00:04:22 2025,GONOGO,INITIATED
oaeuae,,Sun Dec 14 00:04:25 2025,GONOGO,ROUND1 Start
oaeuae,,Sun Dec 14 00:04:42 2025,GONOGO,ROUND2 Start
oeueoau,,Sun Dec 14 00:04:54 2025,GONOGO,INITIATED
oeueoau,,Sun Dec 14 00:04:57 2025,GONOGO,ROUND1 Start
